featureid,Compound_Name,CF_class,CF_Dparent,CF_kingdom,CF_MFramework,CF_subclass,CF_superclass,Porphyromonas pasteri,Lactonifactor_g,Vampirovibrio_c,Lactobacillus ruminis,Porphyromonas asaccharolytica,Mollicutes_c2,ClostridiumG7,Actinomyces turicensis,RuminococcusG2,Sporobacter_g,Staphylococcus pettenkoferi,Faecalibacterium_g,Mollicutes_c,Ruminococcaceae_f,Holdemania filiformis,S24-7,Ruminococcaceae_f,Lactobacillus graminis,Anaeroplasmataceae_f,Sporobacter_g3,Prevotella_g,Sporobacter_g2,Arthrobacter bambusae,Mogibacterium pumilum,Sporobacter_g4,Sporobacter_g,Clostridium_g
X137.0460222_0.390354512,Hypoxanthine,no matches,no matches,no matches,no matches,no matches,no matches,4.306746102,-1.912912184,-3.115239147,-1.242136264,0.355873985,0.224863617,0.263063358,-2.927273017,4.032126944,-1.431748414,1.964665102,0.383469135,-2.595887975,0.342445319,0.052950172,0.232218526,0.246118563,0.3465431,0.34068164,0.864539162,0.269771387,0.270001784,3.929929843,-2.449411302,2.806124611,1.4166632,0.291959745
X139.0502972_0.310789744,Nicotinamide N-oxide,no matches,no matches,no matches,no matches,no matches,no matches,1.643652135,-0.132464913,-1.160404729,-1.422476108,0.933405155,-1.018067333,0.060472903,-0.188132364,0.73811124,-1.404458494,0.36399957,0.163690485,-0.462316328,0.792804451,0.535319481,-1.100780655,-0.509577504,0.066485566,0.066090441,0.971970271,0.060975757,0.060993398,0.719619485,-0.530245218,0.014265792,0.268043547,0.405375476
X148.0758692_3.219089292,3-methyl-2-oxindole (3-Methyloxindole),Indoles and derivatives,Indolines,Organic compounds,Aromatic heteropolycyclic compounds,Indolines,Organoheterocyclic compounds,0.910071223,1.683026624,-0.025703575,0.203450065,0.000127352,-0.380633715,-1.252080041,-0.14965931,0.008554566,0.009923694,0.00655056,0.020543456,0.341342767,-0.157918942,-0.605671635,0.011502293,-0.68963694,1.377158739,1.19168257,0.122016036,-1.042375786,-1.035012123,0.008457241,0.002910189,0.138593163,-0.896543954,-1.003033211
X158.1539998_4.776702564,Hyocholic acid,Steroids and steroid derivatives,"Trihydroxy bile acids, alcohols and derivatives",Organic compounds,Aliphatic homopolycyclic compounds,"Bile acids, alcohols and derivatives",Lipids and lipid-like molecules,-0.632659232,0.351436838,0.536882483,0.238358407,-0.007918483,0.005670633,0.002190541,0.510188841,-0.593289334,0.268321036,-0.265791131,-0.014914145,0.457144778,-0.006475131,0.038094422,0.004725832,0.003677959,-0.007662821,-0.006938292,-0.088540194,0.001390651,0.001371744,-0.577099041,0.433200421,-0.400631509,-0.180130597,-0.000892482
X175.1071245_0.362515537,Gly-Val (Glycylvaline),no matches,no matches,no matches,no matches,no matches,no matches,-0.017995948,-0.003119091,0.02652789,0.045854592,-0.017784077,0.043929039,0.012640062,-0.00257258,0.011335203,0.044639108,0.010164056,0.006601358,0.00673386,-0.012996578,-0.005442085,0.045481068,0.028940313,0.00558146,0.006108681,-0.016169032,0.01207117,0.012058609,0.011278753,0.010763837,0.02609983,0.012299696,0.001254907
X177.054675_4.132578977,3-Hydroxy-4-methoxycinnamic acid (Isoferulic acid),Cinnamic acids and derivatives,Hydroxycinnamic acids,Organic compounds,Aromatic homomonocyclic compounds,Hydroxycinnamic acids and derivatives,Phenylpropanoids and polyketides,0.662420655,-1.00623228,-1.076837416,-3.266011855,2.331719428,-2.45503116,1.442954179,1.585046212,-0.595715898,-2.873857104,-0.268011502,0.198234177,0.066221794,2.137954086,2.135135806,-3.130555749,-0.73520317,-1.58466309,-1.371020795,1.967676207,1.201506451,1.193031923,-0.579516155,0.171300413,-1.91521277,0.853888235,2.078561693
X177.164002_3.154569203,"2-Butanone, 4-(2,6,6-trimethyl-2-cyclohexen-1-yl)",no matches,no matches,no matches,no matches,no matches,no matches,-1.55682851,-1.56185003,-1.551259704,-1.546349703,-1.557359579,-1.543531332,-1.547102161,-1.556679318,-1.548100559,-1.54614324,-1.550209227,-1.552360138,-1.556084934,-1.555871398,-1.553117533,-1.5444818,-1.545570642,-1.557056777,-1.556325227,-1.556976139,-1.547901549,-1.547922327,-1.548203356,-1.554002399,-1.546583262,-1.547312987,-1.550234574
X181.0720906_0.806977901,Paraxanthine,Imidazopyrimidines,Xanthines,Organic compounds,Aromatic heteropolycyclic compounds,Purines and purine derivatives,Organoheterocyclic compounds,-2.280135985,-0.842896057,0.985327723,2.327192179,-2.284632548,2.025233351,-0.358177247,-1.108623763,-0.35856579,2.212311659,-0.360989382,-0.554461679,-0.36764045,-1.974229287,-1.511326829,2.208447716,0.901770205,-0.368041974,-0.367316838,-2.166034189,-0.359011034,-0.359021791,-0.358683827,-0.152595805,0.759737821,-0.358374653,-1.119675027
X195.0650646_3.012644259,trans-Ferulic acid,Cinnamic acids and derivatives,Hydroxycinnamic acids,Organic compounds,Aromatic homomonocyclic compounds,Hydroxycinnamic acids and derivatives,Phenylpropanoids and polyketides,0.998093643,1.853947794,-0.035519227,0.217734993,-0.007684824,-0.428466606,-1.392414892,-0.172781975,0.00123598,0.003724531,-0.000677048,0.015008772,0.370248032,-0.182452396,-0.677569897,0.005227873,-0.770293285,1.515380456,1.310250788,0.12705335,-1.160492816,-1.15234975,0.001143184,-0.004050264,0.14530879,-0.999375337,-1.117038676
X197.1168182_3.104918384,Loliolide,Benzofurans,Benzofurans,Organic compounds,Aliphatic heteropolycyclic compounds,nan,Organoheterocyclic compounds,1.269754151,0.368885408,-0.748799268,-1.573747139,1.27150271,-1.381566194,0.092328407,0.542341162,0.091085506,-1.502089724,0.089029176,0.205537132,0.083284756,1.081235295,0.798359791,-1.496882969,-0.687406924,0.08205833,0.082812181,1.198522773,0.091529667,0.09150194,0.090985093,-0.046792601,-0.600782334,0.09215335,0.559956601
X199.1689994_5.347600093,3-Hydroxydodecanoic acid,Lactones,Delta valerolactones,Organic compounds,Aliphatic heteromonocyclic compounds,Delta valerolactones,Organoheterocyclic compounds,-1.15323203,0.650461503,0.981495683,0.431738308,-0.010211644,0.004006995,0.000397103,0.936845526,-1.087933873,0.486380867,-0.487340421,-0.026854039,0.839371744,-0.008715317,0.070684474,0.003006702,0.001932572,-0.009988163,-0.009226004,-0.157958174,-0.000452327,-0.000471405,-1.058243967,0.793978758,-0.736745591,-0.332894293,-0.00283369
X204.0867511_3.269455926,N-Acetyl-D-mannosamine,no matches,no matches,no matches,no matches,no matches,no matches,3.833538834,7.115708611,-0.132895049,0.821303127,-0.008462252,-1.654973596,-5.327551177,-0.641981046,0.000524924,0.003071894,-0.00139488,0.064166973,1.431010332,-0.680333002,-2.579696539,0.004578807,-2.955131609,5.809359351,5.023626242,0.505343146,-4.439269992,-4.408101921,0.000432724,-0.004773194,0.546339538,-3.825094022,-4.266684478
X208.0969833_2.841087937,N-acetyl-L-Phenylalanine,Carboxylic acids and derivatives,Leucine and derivatives,Organic compounds,Aliphatic acyclic compounds,"Amino acids, peptides, and analogues",Organic acids and derivatives,-2.536939615,-4.707244568,0.086467402,-0.534622767,-0.005651053,1.10154716,3.515929405,0.413226119,0.002927142,0.004915548,0.001006881,-0.045491763,-0.951890686,0.439479845,1.695547702,0.006427927,1.955038649,-3.838929696,-3.31998,-0.343667278,2.929296079,2.90872431,0.002832828,-0.002425419,-0.354195391,2.525406122,2.811822545
X217.1223978_0.461775568,Thr-Pro (Threonylproline),no matches,no matches,no matches,no matches,no matches,no matches,-0.00964226,-0.014696304,-0.003771921,0.001238837,-0.010106966,0.004114233,0.000450572,-0.009345612,-0.000656797,0.001456451,-0.002785437,-0.004968986,-0.008744431,-0.008575455,-0.00573512,0.003133496,0.002019458,-0.009807312,-0.009054365,-0.009723023,-0.000373008,-0.000394634,-0.000760581,-0.006603962,0.000924531,0.000209882,-0.002772182
X217.1550057_0.44854954,Val-Val (Valylvaline),Carboxylic acids and derivatives,Phenylalanine and derivatives,Organic compounds,Aromatic homomonocyclic compounds,"Amino acids, peptides, and analogues",Organic acids and derivatives,0.047965233,0.052341584,0.053116199,0.054319698,0.048273121,0.052926426,0.049275759,0.050506095,0.049371345,0.05404643,0.049980108,0.050316206,0.051730693,0.048478154,0.048654458,0.053530796,0.05133413,0.0518613,0.051708083,0.048365448,0.049476581,0.049490887,0.049402877,0.051619075,0.051177317,0.049254323,0.048630244
X219.1133701_0.600498803,Abrine,no matches,no matches,no matches,no matches,no matches,no matches,-4.121904084,-0.858811904,3.271495545,6.305968066,-4.130963175,5.618348465,0.222155501,-1.46672977,0.221934771,6.0454599,0.21915031,-0.216534639,0.211456641,-3.4293701,-2.383670367,6.034569716,3.075164076,0.211283417,0.212079538,-3.862752056,0.221188734,0.221187528,0.221799311,0.696277495,2.754185782,0.221803013,-1.499627248
X220.1182832_0.557077716,Pantothenic acid,no matches,no matches,no matches,no matches,no matches,no matches,-0.055810305,-0.049290828,-0.046284245,-0.046315915,-0.052637458,-0.047802623,-0.050420913,-0.048724477,-0.05346307,-0.046289802,-0.051844223,-0.050739275,-0.048215223,-0.052282669,-0.051532934,-0.047618011,-0.049014802,-0.050587465,-0.050546509,-0.05292642,-0.050439623,-0.050433014,-0.053381608,-0.048062851,-0.051264922,-0.051371486,-0.051288804
X227.1031818_0.427685,PyroGlu-Pro (Pyroglutamylproline),no matches,no matches,no matches,no matches,no matches,no matches,1.243808564,-1.783474563,-2.3081749,-1.376526752,-0.66737706,-0.654245072,-0.657619093,-2.247992752,1.158067033,-1.467255476,0.148911705,-0.62625138,-2.083600289,-0.665892709,-0.791169899,-0.655154621,-0.656173793,-0.667114515,-0.66641574,-0.419499562,-0.658355632,-0.658379981,1.108184019,-2.002162076,0.575289679,-0.101325286,-0.660597371
X227.200501_5.943049084,Myristoleic acid,no matches,no matches,no matches,no matches,no matches,no matches,-1.642739417,-3.044883013,0.051844246,-0.346765551,-0.010088698,0.709876951,2.265875587,0.260385855,-0.000697393,0.001366536,-0.002819743,-0.033718694,-0.619978911,0.277674621,1.089083075,0.003039652,1.259603611,-2.482747095,-2.147679845,-0.227975113,1.88711722,1.873837683,-0.000801403,-0.006632056,-0.2304491,1.626825495,1.810370035
X229.1550493_0.769839503,Ile-Pro (Isoleucylproline),no matches,no matches,no matches,no matches,no matches,no matches,1.471698096,0.677049643,-1.024406202,-2.178261601,1.517188946,-2.08007178,-0.247462511,0.672641607,-0.229599429,-2.103623039,-0.136443042,0.094924336,0.119847248,1.239182505,0.805507443,-2.173850391,-1.201452562,0.141436144,0.114026782,1.414868399,-0.216417232,-0.215329641,-0.224993321,-0.113085841,-1.076779592,-0.24639749,0.414448151
X231.1709547_2.822946667,Val-Ile (Valylisoleucine),no matches,no matches,no matches,no matches,no matches,no matches,1.206284444,1.963504509,0.292847735,0.516565885,0.317298426,-0.054922991,-0.907162536,0.171547069,0.324799408,0.327355884,0.323278648,0.337295438,0.651638726,0.16275595,-0.275025835,0.328545759,-0.357122825,1.663928389,1.482554829,0.436386487,-0.7020962,-0.694895232,0.324725964,0.320662581,0.452247951,-0.559732704,-0.663644623
X237.2214066_6.487116575,cis-9-Hexadecenoic acid (Palmitoleic acid),no matches,no matches,no matches,no matches,no matches,no matches,-0.064304952,-0.069528134,-0.058723092,-0.053718991,-0.064865992,-0.050811513,-0.054401067,-0.064218169,-0.055410058,-0.053504207,-0.057581488,-0.059790496,-0.063629378,-0.063348669,-0.060538486,-0.05179251,-0.052869654,-0.064614624,-0.063864805,-0.064473894,-0.055221108,-0.055242611,-0.055515957,-0.061499188,-0.053893017,-0.05461213,-0.057591324
X239.1020835_0.440360521,Gly-Tyr (Glycyltyrosine),no matches,no matches,no matches,no matches,no matches,no matches,4.478650565,7.539851862,-0.417463133,0.771743934,-0.008636037,-1.796815885,-5.782830375,-0.958788247,0.301971985,-0.131486678,0.132871009,0.075863675,1.318423922,-0.737995422,-2.821032004,0.004561832,-3.207878833,6.306106948,5.453203733,0.590113399,-4.818610617,-4.784779587,0.293615812,-0.226967257,0.797323838,-4.059649272,-4.631114372
X245.0983409_2.386449444,Biotin,Biotin and derivatives,Biotin and derivatives,Organic compounds,Aliphatic heteropolycyclic compounds,nan,Organoheterocyclic compounds,-0.009503906,-0.014567489,-0.003677628,0.001321143,-0.00997711,0.004194895,0.00054901,-0.00923009,-0.000546783,0.001538264,-0.002675739,-0.004857357,-0.008632465,-0.00845028,-0.005618816,0.003215625,0.002109386,-0.009685858,-0.008934535,-0.009593288,-0.000272733,-0.000294295,-0.000650583,-0.006497209,0.001023586,0.0003116,-0.002663468
X245.1862288_2.395214286,Leu-Leu (Leucylleucine),Carboxylic acids and derivatives,Phenylalanine and derivatives,Organic compounds,Aromatic homomonocyclic compounds,"Amino acids, peptides, and analogues",Organic acids and derivatives,-3.49202892,0.49012103,2.749642015,3.295443819,-1.882479713,2.386287015,0.023085139,0.619686164,-1.51094385,3.258093876,-0.661471302,-0.199174961,1.216320023,-1.575399057,-1.009677724,2.568705519,1.272586687,0.019434621,0.019721634,-1.974060427,0.022725211,0.022735856,-1.468951055,1.361365556,0.091374332,-0.446987304,-0.730727265
X247.1448022_1.222840667,Lenticin,no matches,no matches,no matches,no matches,no matches,no matches,0.05245882,0.000645186,-0.047246904,-0.085340436,0.051947868,-0.072596574,0.000563224,0.014631818,-0.000380792,-0.081420732,-0.00257024,0.0013715,-0.008646293,0.043495447,0.031445779,-0.079508113,-0.038486289,-0.009582486,-0.008837451,0.048536586,-0.000250064,-0.000271692,-0.000487593,-0.013393075,-0.034903703,0.000376835,0.021844271
X249.1263506_0.555858056,Val-Met (Valylmethionine),no matches,no matches,no matches,no matches,no matches,no matches,-1.323537904,-2.456558922,0.046021458,-0.27551556,-0.004680948,0.578282166,1.834842669,0.213934326,0.003761291,0.005725258,0.001872138,-0.023267932,-0.497163312,0.227919785,0.883646536,0.007212107,1.022143522,-2.002037405,-1.731297958,-0.180659153,1.528805439,1.51807695,0.003668912,-0.001501274,-0.181655354,1.318580983,1.466576833
X253.1182526_0.793166948,Ser-Phe (Serylphenylalanine),no matches,no matches,no matches,no matches,no matches,no matches,0.411623103,0.406155311,0.41681069,0.421869909,0.410871992,0.42481902,0.421246315,0.41136094,0.420433701,0.422072198,0.418180876,0.415914109,0.411966389,0.412376442,0.415148743,0.423849522,0.422772825,0.411136421,0.411878926,0.411286338,0.420434545,0.420413331,0.420323778,0.414085067,0.421884666,0.421094205,0.418082195
X255.2324233_5.961499903,Palmitelaidic acid,no matches,no matches,no matches,no matches,no matches,no matches,-0.815731746,2.222196954,2.773098729,1.844973669,1.10812258,1.123643977,1.119956725,2.701322072,-0.711012944,1.936835844,0.300883879,1.0770435,2.536832987,1.109762171,1.241775299,1.122456594,1.121472566,1.108006185,1.108878935,0.859252104,1.118971729,1.118950257,-0.660991537,2.459247155,-0.12103976,0.559188965,1.116387924
X259.1292636_0.306100931,L-Saccharopine,no matches,no matches,no matches,no matches,no matches,no matches,-0.007949805,-0.013097043,-0.002502297,0.00242735,-0.008528383,0.005283112,0.001742333,-0.007905615,0.000781533,0.002635078,-0.001361352,-0.003537757,-0.007319227,-0.007038896,-0.004283367,0.004324088,0.003256012,-0.008262736,-0.007527626,-0.008139524,0.000938922,0.000918002,0.000677045,-0.005228687,0.002270209,0.001543613,-0.001390612
X263.1387987_2.570358098,Phe-Pro (Phenylalanylproline),no matches,no matches,no matches,no matches,no matches,no matches,-1.687083451,1.615707929,1.573403457,-0.161843086,0.77642134,-0.962457961,0.004455973,2.335740582,-2.33784925,0.002434058,-1.041660583,0.030761708,1.823320362,0.651734557,0.631442909,-1.038374753,-0.507145285,-0.004447833,-0.00378991,0.409593837,0.00372356,0.003707994,-2.273774893,1.635973171,-2.038841859,-0.712915722,0.310799142
X263.2370169_7.517197711,"Conjugated linoleic Acid (10E,12Z)",Prenol lipids,Diterpenoids,Organic compounds,Aliphatic homopolycyclic compounds,Diterpenoids,Lipids and lipid-like molecules,-0.933861749,-0.241169862,0.648588474,1.299974171,-0.936097407,1.155368195,0.000924451,-0.366869862,-3.01E-06,1.24454139,-0.002177359,-0.096787994,-0.008254793,-0.785205568,-0.559883044,1.243460978,0.611011134,-0.009128408,-0.008389961,-0.878571604,9.71E-05,8.08E-05,-0.000108896,0.096830264,0.541649107,0.000653148,-0.368976237
X263.2369489_6.679948987,"Conjugated linoleic acid (9E,11E)",Prenol lipids,Diterpenoids,Organic compounds,Aliphatic homopolycyclic compounds,Diterpenoids,Lipids and lipid-like molecules,-1.526686705,1.270742395,1.442617545,0.671388456,-0.008054553,-0.065365212,-0.225260421,1.35832852,-1.599132821,0.71678616,-0.714092842,-0.032342408,1.302950315,-0.035371945,-0.001127786,0.004499391,-0.122692559,0.240250704,0.207436203,-0.203802255,-0.188159472,-0.186845626,-1.555382133,1.173698788,-1.059880949,-0.651564156,-0.182951765
X267.1342216_0.480339139,Thr-Phe (Threonylphenylalanine),no matches,no matches,no matches,no matches,no matches,no matches,3.298138487,4.393918727,1.968458926,2.294016859,2.005900333,1.465334111,0.228588464,1.792632646,2.018519866,2.019316959,2.015283708,2.034817412,2.489554765,1.781576002,1.146018227,2.021880984,1.026799344,3.960242037,3.69698523,2.178994399,0.526221967,0.536670182,2.018361759,2.00923537,2.202807636,0.733428012,0.582086949
X272.1710927_0.32113755,Pro-Arg (Prolylarginine),no matches,no matches,no matches,no matches,no matches,no matches,-0.906081082,-0.233497697,0.630182139,1.262404159,-0.908134327,1.121985784,0.001392208,-0.355498961,0.000384957,1.208601063,-0.001659931,-0.093442837,-0.007408347,-0.761669706,-0.542951958,1.207498919,0.593592012,-0.008339155,-0.00762339,-0.8523111,0.000591111,0.000575544,0.000285466,0.094586596,0.526190612,0.001095178,-0.35765704
X275.2010414_4.42492706,9-OxoOTrE,no matches,no matches,no matches,no matches,no matches,no matches,0.604997664,1.125628086,-0.024947468,0.132022092,-0.010252516,-0.261689823,-0.852379758,-0.111096687,-0.000696892,0.001284487,-0.002880041,0.005705615,0.221094654,-0.116457219,-0.417962181,0.003005005,-0.471477787,0.920830428,0.79575117,0.072298126,-0.710952865,-0.705984361,-0.000803169,-0.006813278,0.087919118,-0.612150847,-0.685364017
X279.1706943_2.586783239,Phe-Leu (Phenylalanylleucine),Carboxylic acids and derivatives,Phenylalanine and derivatives,Organic compounds,Aromatic homomonocyclic compounds,"Amino acids, peptides, and analogues",Organic acids and derivatives,1.37749708,2.540374639,-0.028346767,0.313087419,0.012752226,-0.564821421,-1.870898314,-0.211935523,0.020797825,0.02261414,0.018984451,0.041133392,0.524549816,-0.225078051,-0.898174806,0.024039163,-1.027593102,2.07897143,1.800318429,0.195424676,-1.555859754,-1.544800974,0.020710073,0.015746891,0.215393182,-1.337425779,-1.495775434
X279.1708149_3.466739583,Leu-Phe (Leucylphenylalanine),no matches,no matches,no matches,no matches,no matches,no matches,0.362782753,3.626194314,-0.153461759,-0.199883982,-0.734898344,-1.901155406,-3.748848776,-0.332694573,-1.793814866,-0.590495953,-1.272032733,-0.822958464,0.663163457,-1.119849016,-2.115571507,-1.010074596,-2.537686564,2.308857732,1.881486964,-0.591362893,-3.265698878,-3.248740487,-1.768020087,-0.17245645,-1.264021476,-3.220507938,-3.124031226
X282.2791134_6.089236193,N-Tetracosenoyl-4-sphingenine,Fatty Acyls,Long-chain fatty acids,Organic compounds,Aliphatic heteromonocyclic compounds,Fatty acids and conjugates,Lipids and lipid-like molecules,0.205263445,0.383827379,-0.011247491,0.046896425,-0.010146454,-0.088814713,-0.297633945,-0.044963448,-0.000612484,0.001340678,-0.002795372,-0.001240262,0.071533722,-0.04627333,-0.149815528,0.003061292,-0.163492267,0.315461959,0.272234314,0.01896384,-0.248738454,-0.247015942,-0.00071888,-0.006730876,0.031358953,-0.213806786,-0.241348772
X284.2950376_8.552613645,Octadecanamide,no matches,no matches,no matches,no matches,no matches,no matches,1.077022209,-1.153666733,-1.035630957,0.222651607,-0.624206262,0.767742766,0.000761574,-1.652922327,1.615735304,0.105068102,0.717730525,-0.033436557,-1.269104311,-0.523558287,-0.486945632,0.825863972,0.405969232,-0.009201762,-0.008469955,-0.365753521,-2.85E-05,-5.05E-05,1.571346777,-1.128031967,1.455881322,0.495520737,-0.245649028
X285.0830865_0.401649905,Xanthosine,no matches,no matches,no matches,no matches,no matches,no matches,-0.108639638,0.046333986,0.085006332,0.040897334,-0.008194232,0.00557589,0.001907051,0.076121807,-0.09505033,0.045891408,-0.043875584,-0.005121948,0.068105239,-0.006729602,0.002735603,0.004672095,0.003502613,-0.007731284,-0.00702203,-0.020891371,0.001131503,0.001111866,-0.092519227,0.065942895,-0.062612543,-0.027702836,-0.0011932
X288.2027927_0.364512147,Arg-Ile (Arginylisoleucine),no matches,no matches,no matches,no matches,no matches,no matches,4.512760987,-1.770874854,-1.966888938,-0.261160041,1.224949435,1.431995713,1.850221397,-1.787650891,4.781479038,-0.344188846,2.813225388,1.293925345,-1.705728289,1.304308153,1.276792461,1.239760236,1.579069215,0.555649581,0.647016285,1.649406492,1.747011348,1.743386747,4.684185839,-1.38273878,3.580274034,2.763215531,1.7241371
X291.2679702_5.538566173,"cis-11,14-Eicosadienoic acid",Prenol lipids,Diterpenoids,Organic compounds,Aliphatic homopolycyclic compounds,Diterpenoids,Lipids and lipid-like molecules,-2.406340305,-2.639088308,0.527546373,0.954280319,-1.248409364,1.544151214,1.387183352,-0.432869159,-0.223329103,1.140684398,-0.225476102,-0.349352203,-0.665746089,-0.879799658,-0.058620646,1.139314175,1.339721773,-1.98933202,-1.751073542,-1.340472592,1.117843042,1.108407831,-0.223434002,-0.116521389,0.205899037,0.933036937,0.660699574
X294.1190673_0.376363352,N-Acetylmuramic Acid,Carboxylic acids and derivatives,Alpha amino acids,Organic compounds,Aliphatic acyclic compounds,"Amino acids, peptides, and analogues",Organic acids and derivatives,-0.023823907,-0.020390184,-0.012430186,-0.010278891,-0.020970326,-0.010201289,-0.013988361,-0.017078773,-0.017504852,-0.010112727,-0.016987093,-0.01698842,-0.01645665,-0.019932996,-0.017891354,-0.010561766,-0.012163103,-0.019301075,-0.018897033,-0.021083637,-0.014417553,-0.014425336,-0.01747782,-0.015297448,-0.014853058,-0.01502452,-0.016259708
X295.1635869_2.706798485,Tyr-Leu (Tyrosylleucine),Carboxylic acids and derivatives,Phenylalanine and derivatives,Organic compounds,Aromatic homomonocyclic compounds,"Amino acids, peptides, and analogues",Organic acids and derivatives,1.045787857,1.040281556,1.051950668,1.057265864,1.045300962,1.060376079,1.05656541,1.046065043,1.055359469,1.0575079,1.053075557,1.050735281,1.046671065,1.046933246,1.049967842,1.059308913,1.058181424,1.045515562,1.046324386,1.045706821,1.05567866,1.055654819,1.05524801,1.048962419,1.057003413,1.056303717,1.053137144
X297.125967_2.179547737,Phe-Met (Phenylalanylmethionine),no matches,no matches,no matches,no matches,no matches,no matches,-0.054069371,-0.025429927,0.027927486,0.064205917,-0.054675148,0.059951092,0.000638155,-0.026465803,-0.000398458,0.061727208,-0.002547276,-0.009212182,-0.00854373,-0.045927283,-0.032344992,0.063285418,0.031636063,-0.009547809,-0.008799939,-0.051521687,-0.000180659,-0.000201856,-0.000503232,-0.001433487,0.02728257,0.000414274,-0.020303941
X302.2047833_3.049531534,Ile-Gly-Ile (Isoleucylglycylisoleucine),no matches,no matches,no matches,no matches,no matches,no matches,-1.131221859,0.65996037,0.988810076,0.442903238,0.003891511,0.018154076,0.014528233,0.944411527,-1.066287991,0.497169578,-0.469866108,-0.012583904,0.847619615,0.005392294,0.084270191,0.017152501,0.016071351,0.004122608,0.004886202,-0.142829634,0.013677287,0.013658132,-1.036804294,0.802560378,-0.717509858,-0.316460913,0.011288276
X304.1663352_3.016951796,Val-Trp (Valyltryptophan),no matches,no matches,no matches,no matches,no matches,no matches,-0.008640883,-0.013728428,-0.00299373,0.001984164,-0.009179523,0.004840064,0.001218065,-0.008488881,0.000206706,0.002193275,-0.001930076,-0.004111004,-0.007885129,-0.007670962,-0.00487957,0.003877109,0.002771495,-0.008869725,-0.008128779,-0.008790591,0.000408054,0.000386904,0.000102519,-0.005774696,0.001745784,0.001004813,-0.001957335
X309.1634701_0.312947881,Fructoselysine,Carboxylic acids and derivatives,Alpha amino acids,Organic compounds,Aliphatic acyclic compounds,"Amino acids, peptides, and analogues",Organic acids and derivatives,-1.189438621,-0.20434723,-0.018593044,-0.31736084,-0.564060063,-0.550269984,-0.553823771,-0.04539437,-1.149923951,-0.287367656,-0.82210608,-0.570992593,-0.098475144,-0.56259774,-0.517951925,-0.551220371,-0.552300917,-0.563768539,-0.563037561,-0.644759394,-0.554630963,-0.554650123,-1.133717856,-0.122423643,-0.95703645,-0.736333872,-0.556948591
X314.2701756_7.335089927,N-Palmitoylglycine,no matches,no matches,no matches,no matches,no matches,no matches,-0.009784034,-0.014934273,-0.003996067,0.001042536,-0.010292102,0.003946673,0.000288778,-0.009571948,-0.000783036,0.001259914,-0.002941369,-0.005148473,-0.008970877,-0.008757454,-0.005913182,0.002960839,0.00185316,-0.010006764,-0.009251161,-0.009902268,-0.000537804,-0.000559536,-0.000888288,-0.006822615,0.000782341,5.94E-05,-0.002939683
X318.1674079_2.269941813,Ile-Trp (Iseoleucyltryptophan),no matches,no matches,no matches,no matches,no matches,no matches,1.080191905,0.252487367,-0.772553281,-1.529306649,1.081604496,-1.352558484,0.000123754,0.412186633,-0.000980147,-1.463512028,-0.003146552,0.103540458,-0.009155028,0.907084361,0.647663886,-1.458511125,-0.715521672,-0.010270748,-0.009508122,1.014664874,-0.000687025,-0.000714603,-0.001085985,-0.128357728,-0.636007632,-1.61E-05,0.429100285
X323.2734295_6.839184113,Lithocholic acid,Prenol lipids,Kaurane diterpenoids,Organic compounds,Aliphatic homopolycyclic compounds,Diterpenoids,Lipids and lipid-like molecules,0.839359067,0.193669024,-0.602189915,-1.190380626,0.840322347,-1.052110506,0.000443939,0.319175035,-0.000620302,-1.139100518,-0.002786378,0.079805712,-0.008794652,0.704752749,0.503350755,-1.134828604,-0.556496548,-0.00986606,-0.009109405,0.788283449,-0.000365343,-0.000391452,-0.000726083,-0.101154898,-0.494791458,0.000293561,0.333795696
X336.192278_3.219830697,Leucine enkephalin,no matches,no matches,no matches,no matches,no matches,no matches,0.755504755,0.425717565,0.378808575,0.483289226,0.549684245,0.563425556,0.559899241,0.380448642,0.754087645,0.47372799,0.643769935,0.558557985,0.398632788,0.551173154,0.540174801,0.562472681,0.561407576,0.549953517,0.550684399,0.576659022,0.559103381,0.559082105,0.74863587,0.409246556,0.692814698,0.619480424,0.556782733
X338.3418845_9.186894262,"13-Docosenamide, (Z)- (Erucamide)",no matches,no matches,no matches,no matches,no matches,no matches,2.298764537,3.16200412,-0.904863624,-1.045670731,0.556581444,-2.035859857,-2.677449753,-0.237909412,-0.260495241,-1.367153417,-0.262698145,-0.15184895,0.383568717,0.11934106,-0.939357778,-1.362924693,-2.143111132,2.369566017,2.013504146,0.73897716,-2.274884246,-2.260759873,-0.260602266,-0.358499463,-0.493935705,-1.995775051,-1.870768845
X352.1660669_3.280981765,Phe-Trp (Phenylalanyltryptophan),no matches,no matches,no matches,no matches,no matches,no matches,-0.009585195,-0.014748305,-0.003848395,0.001188285,-0.010114236,0.004089744,0.000436311,-0.009411299,-0.000610128,0.0014034,-0.002772991,-0.004982045,-0.008807872,-0.008583877,-0.005749475,0.003108009,0.001999724,-0.009823247,-0.009070182,-0.00972244,-0.000387401,-0.000409032,-0.000715605,-0.006665354,0.000946725,0.000214306,-0.002783519
X359.2661257_0.596188952,Ile-Val-Lys (Isoleucylvalyllysine),no matches,no matches,no matches,no matches,no matches,no matches,0.779206345,0.001102357,-0.962556211,-1.673762227,0.780319916,-1.507641174,-0.236308605,0.150999844,-0.237104521,-1.611945299,-0.239209447,-0.138978518,-0.244972047,0.61626932,0.372382633,-1.607190711,-0.908904064,-0.245826907,-0.245126104,0.717429413,-0.237050916,-0.237075709,-0.237207308,-0.357039141,-0.834007439,-0.236370142,0.166919773
X369.3517334_10.50452396,Cholesterol,no matches,no matches,no matches,no matches,no matches,no matches,-1.005858702,-0.257990637,0.703027365,1.407721651,-1.009448059,1.251470993,0.00307267,-0.394796715,0.003338244,1.347679957,0.0005574,-0.102055885,-0.006837898,-0.84638142,-0.603015698,1.346859651,0.662848697,-0.006772885,-0.006049068,-0.947103154,0.002260251,0.002244885,0.003202392,0.106669352,0.588714258,0.003157619,-0.396726986
X405.2639035_4.814845857,"(R)-4-((3R,5S,8R,9S,10S,13R,14S,17R)-3-hydroxy-10,13-dimethyl-7,12-dioxohexadecahydro-1H-cyclopenta[a]phenanthren-17-yl)pentanoic acid",Steroids and steroid derivatives,"Monohydroxy bile acids, alcohols and derivatives",Organic compounds,Aliphatic homopolycyclic compounds,"Bile acids, alcohols and derivatives",Lipids and lipid-like molecules,1.070597953,-0.173351474,-0.381691687,0.003287584,0.286921138,0.301106854,0.297431456,-0.360481062,1.040999175,-0.033770653,0.626043543,0.306961646,-0.292713368,0.288474609,0.238874185,0.300136231,0.299009543,0.287249976,0.287997378,0.388763636,0.296624718,0.296601316,1.020488574,-0.258015979,0.803110943,0.52530824,0.294220032
X414.3008723_5.006892451,Glycoursodeoxycholic acid,Steroids and steroid derivatives,Glycinated bile acids and derivatives,Organic compounds,Aliphatic homopolycyclic compounds,"Bile acids, alcohols and derivatives",Lipids and lipid-like molecules,0.796702834,0.79162623,0.802891061,0.80797662,0.796335286,0.810910671,0.807187525,0.797184819,0.8059376,0.808209647,0.803799963,0.801593941,0.797778228,0.797908771,0.800837278,0.809893522,0.808775031,0.79659753,0.797373909,0.796714521,0.806337454,0.806314899,0.805833371,0.79997735,0.807576722,0.806907021,0.80387928
X426.317528_5.192538596,Cholic acid,Steroids and steroid derivatives,"Trihydroxy bile acids, alcohols and derivatives",Organic compounds,Aliphatic homopolycyclic compounds,"Bile acids, alcohols and derivatives",Lipids and lipid-like molecules,-0.009869646,-0.015037236,-0.004087644,0.000962228,-0.010386999,0.003872304,0.00020747,-0.009671795,-0.000857151,0.001179271,-0.003022325,-0.005235588,-0.009068351,-0.008850339,-0.006003071,0.002885677,0.001775105,-0.010098839,-0.009342476,-0.009995458,-0.000619971,-0.000641733,-0.000962741,-0.006917223,0.000708652,-1.96E-05,-0.003025359
X431.317641_5.24695226,"6R)-2-(hydroxymethyl)-6-((3R,5R,7R,8R,9S,10S,12S,13R,14S,17R)-3,7,12-trihydroxy-10,13-dimethylhexadecahydro-1H-cyclopenta[a]phenanthren-17-yl)heptanoic acid",Steroids and steroid derivatives,"Pentahydroxy bile acids, alcohols and derivatives",Organic compounds,Aliphatic homopolycyclic compounds,"Bile acids, alcohols and derivatives",Lipids and lipid-like molecules,2.635545679,-1.120787551,-0.08664878,0.29117473,1.881628026,1.601368217,2.898393915,0.434239185,3.198526523,0.431992726,2.296934664,1.618947916,-0.054274415,1.999375083,2.283898841,1.158479081,2.105390509,0.12480922,0.320527768,1.956356986,2.677196,2.669436664,3.153960208,0.340271125,2.359874584,3.022639366,2.756046852
X439.358494_7.615407242,Oleanolic acid,no matches,no matches,no matches,no matches,no matches,no matches,-0.552043716,-1.860806036,0.336983138,-0.161172993,0.737730305,0.716500291,2.273549402,0.788887286,0.483055226,0.12977313,0.480689296,0.482009776,-0.008669618,0.922755307,1.500845496,0.132439736,1.305169023,-1.480238613,-1.215361698,0.54942297,1.974145384,1.963648037,0.482939243,0.446976398,0.147547471,1.768777064,2.017687198
X446.3196368_4.692368908,Glycocholic acid,Steroids and steroid derivatives,Glycinated bile acids and derivatives,Organic compounds,Aliphatic homopolycyclic compounds,"Bile acids, alcohols and derivatives",Lipids and lipid-like molecules,-0.009360194,-0.014400309,-0.003595631,0.001362213,-0.009831889,0.004218783,0.000611446,-0.009098164,-0.000475226,0.001578403,-0.002590782,-0.004756756,-0.008508895,-0.008317246,-0.005507849,0.00324513,0.00215413,-0.009553791,-0.008807381,-0.009451204,-0.000204742,-0.00022611,-0.000578363,-0.006389178,0.001077466,0.000376024,-0.002574797
X471.3469981_6.91830684,Enoxolone,no matches,no matches,no matches,no matches,no matches,no matches,-1.3784783,-0.119914,0.11405719,-0.2688164,-0.5800844,-0.5668326,-0.5700715,0.08160764,-1.3306772,-0.2305727,-0.9116684,-0.5905296,0.01359109,-0.578665,-0.5224902,-0.5678123,-0.5687167,-0.5800568,-0.5793229,-0.6832115,-0.5708843,-0.5709031,-1.3099634,-0.0175732,-1.0850364,-0.8029746,-0.5731041
X585.2722843_8.896628609,Bilirubin,no matches,no matches,no matches,no matches,no matches,no matches,-0.009319983,-0.014831532,-0.003975051,0.001141185,-0.010033553,0.004132685,0.000520416,-0.009506929,-0.000357945,0.00135153,-0.002627033,-0.004915923,-0.008903139,-0.008503456,-0.005678974,0.003141687,0.002060161,-0.00978835,-0.009031814,-0.009619157,-0.000307218,-0.000328987,-0.000468672,-0.006748127,0.00112317,0.000350474,-0.002696154
X591.3181497_4.074803889,Urobilin,no matches,no matches,no matches,no matches,no matches,no matches,1.104994303,-0.366567147,-0.656398689,-0.220513779,0.174507959,0.126606694,0.145506966,-0.603697506,1.03301919,-0.26464937,0.545870013,0.174115258,-0.528810893,0.170175176,0.100315326,0.127434302,0.13625692,0.164032448,0.162754411,0.293825286,0.146992352,0.147048792,1.008939924,-0.494986708,0.739624629,0.417146701,0.15524094
X595.3486453_4.049081111,Stercobilin,Tetrapyrroles and derivatives,Bilirubins,Organic compounds,Aromatic heteromonocyclic compounds,Bilirubins,Organoheterocyclic compounds,1.412895793,0.851985624,0.101945577,-0.357609711,1.333931596,-0.25526454,0.57892017,0.862777283,0.672024196,-0.32571066,0.650097091,0.703963585,0.616177856,1.214085181,1.023722227,-0.305968161,0.142179967,0.691018083,0.683138262,1.301227538,0.587871618,0.588188642,0.670941629,0.525521742,0.255947692,0.606178313,0.867207668
